id,text,tags,correct
1258293762670936064,Did any News Channel tell you that in  the latest Gallop survey 82% of Pakistanis are satisfied with Imran Khanâ€™s handling of CoronaVirus Pandemic? It is the 4th best rating in the world.,,y
1258053124893347841,The Fake News has reached an all time high!,,y
1258318157749633024,"The US military is banning anyone who had COVID-19 from enlisting, according to a new memo https://t.co/ykFHrCNKHy (via Business Insider) #news #Trending #TrendingNews",news Trending TrendingNews,y
1258319351452745728,@SDC_newsdesk morning news desk are you reasonable for removing shopping trolleys. If so thereâ€™s some Asda and Iceland trolleys full of garden waste and various other rubbish dumped in farm avenue Swanley by the post box junction with brook road thanks,,y
1258276157218152453,The Masked Singer US: Kitty unmasked as Americaâ€™s Got Talent star Jackie Evancho - https://t.co/o91tvJPfzo#breakingnews #news #Latestnews #newsupdate #newsdesk #trendingnews#newspaper #instanews #headlines https://t.co/YmhnGsFD2H,breakingnews,y
1258036182241460227,"We're delighted to announce that we will be piloting remote exam sittings in May and June, following a successful two-week testing period.The news was announced today in a webinar with centres.Find out more: https://t.co/q3Ma19Lbuw https://t.co/qiAUl7hzI1",,y
1258065118149193729,@JadeParkes Thanks @JadeParkes. Thatâ€™s fantastic news and well deserved. Youâ€™re a fantastic #teacher and the #school will be a great place to work and gain your #NQT status. #congratulations #PGCE #Newjob #traineeteacher #wearetheOAKS,teacher school,n
1258298732917018627,Hahahaha is it's just me or is there a similarity between this hashtag #RoksiePepperDem and this morning news papers ğŸ˜‚ğŸ˜‚Thank u @specialBreed8 for suggesting that hashtag and Roknation for voting that hashtag as if we all knew what was coming todayğŸ’ƒ #RoksiePepperDem https://t.co/AelHyaRuQa,RoksiePepperDem,n
1258289766732148736,ğŸ§šğŸ»â€â™‚ï¸LOVE YoshikiğŸ’•Join us nowğŸ’«Sign up now to share news about #Yoshiki and you could win prizes!#TeamYoshiki â¤ï¸ğŸ’–â¤ï¸ğŸ’–â¤ï¸ğŸ’–ğŸ’•âœğŸ¼ğŸ†“to sign up here ğŸ‘‡ğŸ»ğŸ‘‡ğŸ»ğŸ‘‡ğŸ»https://t.co/giQ4KpseX4,Yoshiki TeamYoshiki,n
1257966576973692928,BREAKING NEWS : NDTV uses â€œterroristâ€ word instead of the usual â€œactivistâ€. ğŸ˜€ğŸ˜€ğŸ‘ğŸ» https://t.co/mZLgGAGodU,,n
1257245223370911744,BREAKING NEWS: President Duterte distributes relief goods during the COVID-19 crisis.(a short stop-motion film by me!) https://t.co/cGzhrV0QI5,,y
1258304670943940611,Heart breaking news !! Hope the government is doing its best to contain the situation. Just when we thought things couldnâ€™t get worse this happens. My prayers to all the people of Vizag. God help them all ğŸ™ğŸ» #VizagGasLeak,,n
1258318706163228673,BREAKING NEWS #newpost #Î§Î±Î»ÎºÎ¹Î´Î±https://t.co/uyEw4xoYsz,newpost Î§Î±Î»ÎºÎ¹Î´Î±,n
1258320586880815104,@JamesClayton5 Why? Are the residents refusing to take them or the care workers refusing to do them? Why isnâ€™t @piersmorgan banging on about this? If it was the less vunerable refusing to do this (i.e fit &amp; healthy young people) heâ€™d be â€˜BREAKING NEWSâ€™ all over the place...,,n
1258079627215622144,[BREAKING NEWS] eNCA anchors Xoli Mngambi and Jane Dutton have been SUSPENDED following their distasteful comments on Dr Nkosazana Dlamini-Zuma Q: Who approved this? surely there are editors; producers who must also be suspended? https://t.co/A7aCz8Wnib,,y
1258196758464782336,BREAKING NEWS: This is the scene at 62nd and Michigan. Angry residents of the City of Indianapolis after a video appears to show a man being killed by Indianapolis police on Facebook Live. https://t.co/fI9gbJkO6w,,y
1258314709440229376,There is a growing tussle between #Australia and #China over #CoronavirusğŸ‘ˆ #latestnews #breakingnewsğŸ‘† #trendingnews #trendingtopic #latesttrendğŸ‘ˆ https://t.co/kvxJp9wbfI,Australia China Coronavirus latestnews breakingnews trendingnews trendingtopic latesttrend,y
1258314027664474113,How to Stop Bill Gates â€“ We Need Everyone to Write NOW! - https://t.co/zBlLxCeS8j#breakingnews #news #Latestnews #newsupdate #newsdesk #trendingnews#newspaper #instanews #headlines https://t.co/fP7Ddix9dW,breakingnews news Latestnews newsupdate newsdesk trendingnews newspaper instanews headlines,n
1258314207591727104,"India looks to lure more than 1,000 US firms out of China - https://t.co/iShFz3bnVf#breakingnews #news #Latestnews #newsupdate #newsdesk #trendingnews#newspaper #instanews #headlines https://t.co/9qxcNAGYsU",breakingnews news Latestnews newsupdate newsdesk trendingnews newspaper instanews headlines,y
1258315219962597378,The latest Pro-Bono Daily News! https://t.co/2w4BEWlsd1 Thanks to @NCBAorg @half_witt @levey_studio #biglaw #latestnews,biglaw latestnews,n
1258211451358998529,#BreakingNews In the middle of Australias most deadly #pandemic #DanAndrews threatened Australians with jail at the same time he allowed certain cultures to have weddings and hid #Covid_19 breakout in #cedermeats to protect a cultural group. #auspol #qanda #insiders #TheProjetTv https://t.co/XuqeY9Hd0V,BreakingNews pandemic DanAndrews,y
1258315126689673216,#BREAKINGNEWS British Airways: BA flights will make 'meaningful return' in July say airline bosseshttps://t.co/0hnSYZ7oAg https://t.co/3sPG1OulfC,BREAKINGNEWS,y
1258031587385462786,Pope Francis appeals for prayers for journalists and media workers who are always at risk as they continue to deliver news about the pandemic. https://t.co/5ouKg8as2V,,y
1258300736275808256,FAKE NEWS Propagation by Fake Tweets by @inturipunch during #VizagGasLeak NarraSrinivasChowdary = 21 CharactersTwitter Username Character Limit = 15 CharactersAre you going to take any action on this handle @APPOLICE100 ? ? ? https://t.co/jg8fxgEz6M https://t.co/H2sb05sBIZ,VizagGasLeak,n
1258314588703150082,ğŸ’¥1ğŸ’¥ Breaking News ğŸ’¥ğŸ’¥Take advantage of your offer with namshi WebSite ğŸ›’ only when you use my special namshi promo code âœ… ğŸ‘‡ğŸ‘‡ Use coupon ğŸ‘‡ğŸ‘‡ ÙƒÙˆØ¯ Ø®ØµÙ… Ù†Ù…Ø´ÙŠ ğŸ”´ TGM2 ğŸ”´  ğŸ‘ˆğŸ¿ğŸ‘ˆğŸ¿  Ø®ØµÙ… Ø­ØªÙŠ 30 %. https://t.co/0UEMsPEqbN,,n
1258315512578281472,"Former Archbishop of Canterbury urges churches to reduce â€˜lethal dependenceâ€™ on fossil fuels - Premier Christian News  |  Headlines, Breaking News, Comment &amp; Analysis https://t.co/OxwavrDAOe",,y
1258137005713653760,BREAKING NEWS- SHOCKING â€”â€”â€”â€”â€”â€”â€”â€”â€”â€”â€”â€”â€”â€”The Raving Monster Looney Party is #rebornA party ğŸ¥³ within #UKLabour led by #DickBurgon ğŸ‘‡ğŸ‘‡ğŸ‘‡ğŸ‘‡ğŸ‘‡ğŸ‘‡ğŸ‘‡#RichardBurgon now Secretary of Socialist Campaign Group in @UKLabour #unelectable ğŸ¤¡ğŸ¤¡ğŸ¤¡ https://t.co/5QGj5b86Vi https://t.co/MfWaiECFaY,reborn UKLabour,y
1258217505811816453,"This: $1.4 million raised, 15+ million views, tens of thousands of new members, space in Trump's head, OANN breaking news, press attack by Pascale/MAGA Grift LLC. ROI on $5k investment in :60 on poor Tucker's show. @ProjectLincoln delivers &amp; diverts Trump from Biden or ""message.""",,y
1257848304865550336,Reutersâ€™ jaw-dropping images from the 2019 Hong Kong protests just won the Pulitzer Prize for breaking news photography (warning: distressing) https://t.co/9437KHgEzh,,y
1258285028213010432,ğŸš¨ğŸš¨Breaking News ğŸš¨ğŸš¨Official announcement Teaser releasing tomorrow â¤ï¸â¤ï¸ğŸ’ƒğŸ’ƒğŸ’ƒğŸ’ƒğŸ’ƒğŸ’ƒğŸ’ƒğŸ’ƒğŸ’ƒğŸ’ƒğŸ’ƒSinger @jassiegillFt @ishehnaaz_gill https://t.co/iUAUa1Z4gz,,y
1257921358085775360,Breaking news - number of washing utensils has crossed 1K mark...to control this number govenment (me) has decided to follow very strict lockdown by using less utensils. This has been informed to all parties but looks like they just had a good laugh!!!ğŸ˜­ğŸ¤£ğŸ¤£,,y
1258300582437236736,Breaking newsChannel:- @Aak_Thu Journalist:-@fake_patrakar Others:-@Gu_DarshanNews @BndNewz @HindiFaking https://t.co/p372KDucYi,,n
1258314280274989056,"Testing Kits in Africa Deemed Faulty After COVID-19 Confirmed in Goat, Quail, Pawpaw Fruit https://t.co/6dm2HVXviO via #TruthConquersAll #USA #Canada #Europe #UK #Austrailia #health #hospitals nurses #NYC #Coronavirus #Covid19 #News",TruthConquersAll USA Canada Europe UK Austrailia health hospitals NYC Coronavirus Covid19 News,n
1258217807780683778,Schiff in panic modeBREAKING: Russia probe transcripts affirm officials came up empty on collusion #ReleaseTheTranscripts  https://t.co/9WZkFKDx8f,,y
1258315585462640651,"BAME groups â€˜two to three times more likely to die from coronavirusâ€™, finds latest research by Dr @rob_aldridge, member of the @UCLHealthPublic working group. #covid19 #unisupportğŸ“°Read more on the ITV News website:  https://t.co/JVWb50FYvo",covid19 unisupport,y
1258306498611953664,"Naomi Campbell, 49, Shot Her Own â€˜Essenceâ€™ Magazine Cover At Home â€” See Pic - https://t.co/xujMaTWdaG#breakingnews #news #Latestnews #newsupdate #newsdesk #trendingnews#newspaper #instanews #headlines https://t.co/2QmNW2OfKd",breakingnews news Latestnews newsupdate newsdesk trendingnews newspaper instanews headlines,y
1258306699967909888,Fauci Knew since 2005 that the Malaria Drug Can even Cure Coronaviruses &amp; Conflicts of Interest Abound - https://t.co/7qL80FQdjP#breakingnews #news #Latestnews #newsupdate #newsdesk #trendingnews#newspaper #instanews #headlines https://t.co/N6X9JdWX5t,breakingnews news Latestnews newsupdate newsdesk trendingnews newspaper instanews headlines,y
1258308692602224641,"@gulf_intel #US President Donald #Trump has promised relief to the ailing #oil and #gas sector, and it's not yet clear if the recently expanded Federal Reserve lending program is the full extent of that aid. #latestnews #COVID19 #oilandgas #pandemic",US Trump oil gas latestnews COVID19 oilandgas pandemic,y
1258208236714496000,ğŸ”¸ï¸RUSSIA HOAX MARCHING ORDERSğŸ”¹ï¸#Russia #WitchHunt #BreakingNews #Breaking #RussiaHoax #DOJ #FBI #Corruption #Trump #Trump2020https://t.co/dDjTauFgNN,Russia WitchHunt BreakingNews Breaking RussiaHoax DOJ FBI Corruption Trump,n
1258294931875078146,"#BreakingNews : Members of #European Parliament have called on European Commission to take ""Strong Action"" against #Pakistan for brutal killings of #Pashtun leader #ArifWazir and Journalist #SajidHussain. https://t.co/DaNOv22rC6",BreakingNews European,y
1258310561663578113,"Allow salary cuts of employees: Industrial bodies write to Gujarat govt | Cities News,The Indian Express https://t.co/zRecdwbYlt",,n
1258310496803061760,Heart breaking news !! Hope the government is doing its best to contain the situation. Just when we thought things couldnâ€™t get worse this happens. My prayers to all the people of Vizag. God help them all ğŸ™ğŸ» #VizagGasLeak #Visakhapatnam,VizagGasLeak Visakhapatnam,n
1258007246690234368,"Breaking news: former captive Beluga whales, Little White and Little Grey, will return home to the ocean this June ğŸ’™ #EndCaptivity Get the full update here &gt; https://t.co/cHwHA3FeG9 https://t.co/t9RORXqFS9",,y
1258272005805289482,BREAKING NEWS: New Zealand teams have been given the green light to resume Vodacom Super Rugby with a restructured 10-week competition in the near future.https://t.co/1OdsxpyUhA,,y
1258308506811355136,"BREAKING NEWS. The Department of Health (DOH) recorded 339 new coronavirus cases Thursday, May 7. Total cases now at 10,343. #COVID19PH | via @reyaika https://t.co/aTVPXJlzvR",,y
1258055771759218688,"Breaking News: The Gov't officially flags off the Great Trek from Eastleigh to South C, in an attempt to encourage High School students to witness an example of Urban-Urban Migration.",,y
1258309980182188038,"#Breaking #News EXCLUSIVE: Transcripts clear Trump campaign on Russia collusion, may raise questions about Schiff, sources say https://t.co/kE1L7E1jkm via #FoxNews #National",Breaking News,y
1258155876528951298,"Let this breaking news by @kyledcheney settle in. The Obama administration was spying on me for my commercial energy work in Israel, Cyprus and Egypt and, in the process, exposed that they used foreign governments like Italy, U.K. Australia to do so. This is going to get good!",,y
1258291344008568833,"Surprise?! Coronavirus live updates Australia: Barilaro won't be fined for visit to country house, NSW police say â€“ latest news https://t.co/sinvqAd4b2",,y
1258301547743784961,Gov. Abbott calls for the release of woman who reopened salon despite state's COVID orders https://t.co/FxgBHWQ1JH (via ABC) #news #Trending #trendingnews,news Trending trendingnews,n
1258301654878879744,#Banksy tribute to UK health service displayed in #hospital https://t.co/RIBzELenRe #newsupdate #artsandcrafts,Banksy hospital newsupdate artsandcrafts,n
1258302084895531008,Huawei Y9S Specs teased in Amazon; Launching Soon !Details here...#Huawei #HUAWEIY7p #HUAWEIY9s#technews #latestnews #indianews #smartphones #tech #Huawei #HuaweiOriginals  #AmazonIndia https://t.co/RcoblIlMXF,Huawei HUAWEIY7p HUAWEIY9s technews latestnews indianews smartphones tech Huawei HuaweiOriginals AmazonIndia,n
1258305456403107840,#BREAKINGNEWS - Hidden #Mayan Road Network Uncovered in #Yucatan #Rainfores... https://t.co/Gm9FiWeVPx,BREAKINGNEWS Mayan Yucatan Rainfores,n
1258305493186998274,"BREAKING NEWS: ABS-CBN asks Supreme Court for a Temporary Restraining Order (TRO) to stop the implementation of NTCâ€™s May 5 cease and desist order against the media network.(Sources: Rappler, ABS-CBN News)#BreakingNews #NoToABSCBNShutdown https://t.co/AXtd5ZZcyz",BreakingNews NoToABSCBNShutdown,y
1258305502779506688,Heart breaking news !! Hope the government is doing its best to contain the situation. Just when we thought things couldnâ€™t get worse this happens. My prayers to all the the people of Vizag. God help them all ğŸ™ #VizagGasLeak @AndhraPradeshCM @PMOIndia,VizagGasLeak,n
1258305508743745537,"@HonOscarSudi @RailaOdinga Haaaaaa, if you bump into Baba, it becomes breaking news!!! ...you found him very accommodating and mature..",,n
1258304102439596034,"OPCW Head FALSELY Described Syria Whistleblower Inspectors To Discredit Them, New Documents Show: https://t.co/biK2P6Gy99 #Trump #USA #America #Iran #Russia #Europe #UNSC #DeepState #Israel #MAGA #Propaganda #Iraq #Syria #SyriaStrikes #Whistleblower #OPCW #Breaking #News",Trump USA America Iran Russia Europe UNSC DeepState Israel MAGA Propaganda Iraq Syria SyriaStrikes Whistleblower OPCW Breaking News,y
1258301010495377413,"BREAKING : A first-draft script for a new, fictional mini- series...""Corbyn : Man, Myth, Legend""...to be aired on Russia's equivalent of DAVE, has been leaked. Sounds like gripping stuff. https://t.co/LE0pJBFRUV",,n
1258299028552314880,Labor market restructuring and its possible permanence - https://t.co/npJOaUvrrf#breakingnews #news #Latestnews #newsupdate #newsdesk #trendingnews#newspaper #instanews #headlines https://t.co/CjKvRTEoGy,breakingnews news Latestnews newsupdate newsdesk trendingnews newspaper instanews headlines,y
1258299267912839169,"Bank of England holds interest rates, expects UK GDP to fall by 14% this year - https://t.co/XZX6yAoT6h#breakingnews #news #Latestnews #newsupdate #newsdesk #trendingnews#newspaper #instanews #headlines https://t.co/YvrmmL3ijd",breakingnews news Latestnews newsupdate newsdesk trendingnews newspaper instanews headlines,y
1258152853455155203,Wednesday News Recap: 256 Nigerians From Dubai Arrive In LagosOur #TwoMinutes gives you a rundown of the most important news for the day. Don't forget to subscribe: https://t.co/hPPplqvWyX#latestnews #newsupdate #ChannelsTV #CTVTwominutes https://t.co/QaeiwO2qR9,TwoMinutes,y
1258300175220535298,Anyone bored out there? Have some time to spare? Watch this video to gain some top 10 knowledge!!TOP 10 MOST SAVAGE TRASH TALKERS IN ANIMELink below ğŸ‘‡ğŸ‘‡https://t.co/G0TBulF3JS#Top10 #knowledge #latestnews #Trending https://t.co/eQl7MQkgBL,Top10 knowledge latestnews Trending,n
1258300390652641280,"#BREAKING #BreakingNews #OurWorld #ThilanWRT BBCBreaking: Three people have died, with hundreds of others taken ill, after a gas leak in south India https://t.co/SMMi87eDMP",BREAKING BreakingNews OurWorld ThilanW,y
1258299560205578240,News of the day#cryptocurrency #Crypto #BreakingNews #Blockchain #Ethereum #ETH #trading #thursdayvibes https://t.co/QkhttQ6ilJ,cryptocurrency Crypto BreakingNews Blockchain Ethereum ETH trading thursdayvibes,n
1258288836058083329,?!Oh My Girl's Miracle 2nd goods featured on the Episode 41 (airs 13 May) teaser of MNET TMI News :o https://t.co/By9nEN81U6,,n
1257882121957408768,"BREAKING NEWS: Minutes after Tweeting about the President not wearing a mask, Jim Acosta is seen refusing to wear a mask or practice social distancing while in AZ.  @Acosta https://t.co/bCv5NZEEOU",,y
1258125174488150016,"BREAKING NEWS.CONGRATULATIONS TO RIVERS PEOPLE AS FEDERAL GOVERNMENT REPLACES ANOTHER TWO COVID19 TESTING MACHINES SEIZED BY GOVERNOR WIKE TO UNIVERSITY OF PORT HARCOURT TEACHING HOSPITAL.Prof. Henry Ugboma, the Performing CMD is indeed working",,y
1257901418209517571,Breaking news Due to the financial problems Surrounding a lot of football Clubs at the moment Manchester United Have had to release 25 members Of staff from their payroll The 15 referees and 10 linesman are said to be Devastated,,y
1258283091883257856,"[Breaking News] Daehwi: ""I made a mistake! Dal-i is in the dorm!!! I mixed up Dal-i with Byul-i""https://t.co/uOBl0erKXM",,n
1258127662733803525,And breaking news on this drug - Capmatinib FDA approved today in NSCLC with #MetExon14 skipping mutations!! Great news for Lung Cancer! #LCSM https://t.co/JsxjbEnl7j,MetExon14,y
1258298017968541696,"Have you joined The Quint on WhatsApp yet?For breaking news alerts, opinion pieces, fact-checked stories, videos, and more, follow this link: https://t.co/bc6VNAR6fX(PS: Don't forget to send us #TQ every time you want updates from us!) https://t.co/Bs4kb2uwJP",,n
1258295370687213569,Hot! DealShaker Debit Card Available Global #ATSocialMediaUK #DealShaker #shopping #business #sell #join #free #ATSocialMedia #bargains #WorkFromHome #affiliates #news #AsiaRisingForever #Europe #MiddleEast #China #Australia #UK #SouthAmerica #DebitCard  https://t.co/CRausJCkzr,ATSocialMediaUK DealShaker shopping business sell join free ATSocialMedia bargains WorkFromHome affiliates news AsiaRisingForever Europe MiddleEast China Australia UK SouthAmerica DebitCard,n
1258291988639748096,Women demand voice in Italy virus response dominated by men https://t.co/kDMm5kDrbd (via Seattle Times) #news #trending #TrendingNews,news trending TrendingNews,n
1258291407795585025,Thursday: Unemployment Claims - https://t.co/NWMoQINk2M#breakingnews #news #Latestnews #newsupdate #newsdesk #trendingnews#newspaper #instanews #headlines,breakingnews news Latestnews newsupdate newsdesk trendingnews newspaper instanews headlines,n
1258291529359081472,How Online Faxing Improves Your Business Communication - https://t.co/6ToPKxHifS#breakingnews #news #Latestnews #newsupdate #newsdesk #trendingnews#newspaper #instanews #headlines https://t.co/3mqoMZo4og,breakingnews news Latestnews newsupdate newsdesk trendingnews newspaper instanews headlines,n
1258289951361417216,#Seaport Secures $500m Loanhttps://t.co/XFAptwg4wP#CityBusinessNews #CityNews #LatestNews #BusinessNews #NewsUpdate #Nigeria #WorldNews #News #Update #DailyNews #DailyPost #AllAfrica #NaijaNews #LatestNaijaNews #Shipping #Maritime https://t.co/SSyzL4qU2P,Seaport CityBusinessNews CityNews LatestNews BusinessNews NewsUpdate,n
1258295100351774720,"Dear all...Anyone staying near the Gopalapatnam Gas Polluted area can move to Vignan College, Duvvada for shelter.... College also provides food for them.*Share this to everyone.*#Latestnews #VizagGasLeak #Vizag #Vishakapatnam #gasleak",Latestnews VizagGasLeak Vizag Vishakapatnam gasleak,n
1257597653321277441,The photography staff of @Reuters has won the Pulitzer Prize for breaking news photography for its coverage of last year's violent protests in Hong Kong. More images: https://t.co/pAYehavVNT https://t.co/tJle96cx3g,,y
1258040796059766784,"BREAKING NEWS: Latest development in the #NoPubNoRent scandal, of greedy #pubcos charging their #pub tenants rent on closed #pubs: @starpubsandbars are so far discriminating against tenants with a #MarketRentOnly #MRO lease, hereâ€™s our letter to #PubsCode Adjudicator @pubscodepca https://t.co/UyisBHld5M",NoPubNoRent pubcos pub,y
1258295303112966144,Breaking News from Vishakhapatnam... https://t.co/kazycMpKow,,n
1258295311174434816,ğŸš¨ Breaking News ğŸš¨ Two high profile managers have lost their jobs from the lower leagues. The Division 1 favourites - Manchester City have parted ways with Kevin Keegan after an average start.Whilst Reading who are in the bottom 4 in Division 2 have sacked Pardew. https://t.co/yigg4HYeLD,,y
1258295312860381184,"@sthapec4ro Yesterday here is the link VIDEO: Minister Gordhan briefs Parliament on developments at SOEs - SABC News - Breaking news, special reports, world, business, sport coverage of all South African current events. Africa's news leader. https://t.co/XT9yfbtv9B",,n
1257730653602361345,Breaking News: The White House is considering winding down the coronavirus task force as the crisis rages on. Itâ€™s not clear if it will be replaced. https://t.co/gpFtI2TsYT https://t.co/H7b9XeLDut,,y
1258294275311370242,April 2020 Legal News: Central and Eastern EuropeNewsletter von @bnt_euhttps://t.co/pggX0jlXni  #HR #executivesearch #Europe https://t.co/2QRxkG7eGj,HR executivesearch Europe,n
1258203365978394633,"Our team planning to launch new account â€œPoker Universeâ€ğŸ”¹ğŸ”¶ğŸ”·Everyday #giveaway tickets on poker tournaments with prizes more than $5m monthlyğŸ’° Educational content, news, promotions, best deals, bonuses and gaming experience ğŸ§©Soon starting..@coinkit_ mon 100 1000 BTC",giveaway,n
1258289757936852992,"@UBAGroup Rewards 100 Customers With N100,000https://t.co/67EjkJWb5a#CityBusinessNews #CityNews #LatestNews #BusinessNews #NewsUpdate #Nigeria #WorldNews #News #Update #DailyNews #DailyPost #AllAfrica #NaijaNews #LatestNaijaNews #Banking https://t.co/kv6utABQlH",CityBusinessNews CityNews LatestNews BusinessNews NewsUpdate Nigeria WorldNews News Update DailyNews DailyPost AllAfrica NaijaNews LatestNaijaNews Banking,n
1258290361149075457,#LatestNews - Update - A man has been interviewed by officers following an appeal in relation to a reported assault on a staff member at the Tesco Express store in Holdenhurst Road in Bournemouth on Thursday 23 April 2020.https://t.co/wQTbaqdQSk,LatestNews,y
1258275655277371392,Chemical Gas leakage from LG Polymers industry at RR Venkatapuram in Visakhapatnam. Several casualties reported#VizagGasLeak #Vizag #VizagGasTragedy #VizagGasLeaks #BreakingNews #breaking #COVID19 #covidâ€”19 https://t.co/1yxBxvzfVK,,y
1258144625786630145,"@Pope_Bane @phbarratt @soraya_lennie Donâ€™t be depress, his popularity is only fake news.",,n
1258290426211192834,BBC News - Virgin Media and O2 join forces to take on BThttps://t.co/nfBJpGewYr,,n
1257737912860303360,Breaking news https://t.co/DpWTzZ1b64,,n
1258012798422056960,BREAKING NEWS.Cc @threefromleith @Scobesfoto https://t.co/INaR8CmklK,,n
1249036827991908354,"BREAKING NEWS: I have been feeling unwell the last two days - tired, headache, foggy brain. I have been concerned about COVID infection, but it was hard to imagine how: we have been so careful.  I just discovered 5 minutes ago that I HAVE BEEN MAKING DECAF COFFEE FOR 2 DAYS.",,n
1258290312998518786,#Breaking #News Georgia authorities say Ahmaud Arbery case will get full investigation; father seeks 'justice for my son' https://t.co/xz2a1RIWFv via #FoxNews #National,Breaking News FoxNews National,y
1258279396386971654,"BREAKING NEWS @DBE_SA : This is how children should be screened everyday before getting into school. We must not take chances with young lives, otherwise #noexams this year. Re #SkabaDom .#Zoomingwiththezumas #ZoomingWithZumas #StayHomeSA https://t.co/jAPElc7pEH",,n
1258290421618393088,ğŸ’¥ğŸ’¥ Breaking News ğŸ’¥ğŸ’¥Take advantage of your offer with Namshi store ğŸ›’ only when you use my special promo code âœ… âš¡   Use coupon ğŸ‘‡ğŸ‘‡ÙƒÙˆØ¯ Ø®ØµÙ… Ù†Ù…Ø´Ù‰â¶ YC4     â· YC5   âš¡ https://t.co/qnOjaBLxgY,,n
1258284014890356737,"The good news is the @bankofengland scenario suggests the UK economy could bounce back even quicker than it fell, with 2021 GDP growth of 15%. That would be the strongest year for growth since 1704! https://t.co/gVAB0vzbwD",,y
1258283618687840257,Coronavirus was devastating Europeâ€™s nursing homes well before the U.S. Here are the lessons they learned - https://t.co/T07KJurpxS#breakingnews #news #Latestnews #newsupdate #newsdesk #trendingnews#newspaper #instanews #headlines https://t.co/mXbtG639qo,breakingnews news Latestnews newsupdate newsdesk trendingnews newspaper instanews headlines,n
1258283732173066241,Brett Favre Speaks Out After Agreeing to Repay $1 Million for Speeches He Never Gave - https://t.co/ki8Vo281Fc#breakingnews #news #Latestnews #newsupdate #newsdesk #trendingnews#newspaper #instanews #headlines https://t.co/9aHDG61wVQ,breakingnews news Latestnews newsupdate newsdesk trendingnews newspaper instanews headlines,n
1258269604477952000,"Heartwrenching to hear the news of #VizagGasLeak, more so during these challenging times... Heartfelt condolences and strength to the bereaved families in this hour of need. Wishing a speedy recovery to those affected. My prayers for you... Stay safe VIZAG.",VizagGasLeak,n